sitecore developer	390
sitecore developer network	320
sitecore development	140
sitecore developers	90
sitecore certified developer	50
sitecore developer training	70
sitecore development services	20
sitecore cms development	10
what is sitecore development	10
web content management systems	480
web based content management system	170
web content management	3600
web content management tools	110
web content management system	1300
web content manager	1000
web based content management systems	50
web based content management	40
web content management tool	20
web content management solutions	40
web content management software	110
what is web content management	210
web page content management	20
content management web design	20
best web content management system	90
web content management vendors	30
web design content management system	30
what is a web content management system	50
web site content management	40
web content management system software	20
content management web	20
sharepoint web content management	50
web content management solution	10
web content management system reviews	10
content management system web	30
what is web content management system	30
top web content management systems	20
managing web content	20
web design content management	20
best web content management	10
web content management platform	20
web content management service	10
website content management system	320
content management system website	320
website content management systems	210
content management system for website	50
content management system websites	30
content management system for websites	40
website management system	110
content management systems for websites	30
website content management	1000
content management website	320
content management websites	50
website management software	210
website management	1900
content managed website	50
website content manager	170
content managed websites	20
website management tools	110
content manager website	30
website management tool	30
content management website design	30
sitecore cms	2400
sitecore cms review	50
sitecore cms tutorial	110
cms sitecore	170
sitecore cms pricing	50
sharepoint 2010	14800
sharepoint 2010 training	1300
sharepoint 2010 tutorial	1900
sharepoint foundation 2010	2400
sharepoint workspace 2010	1900
sharepoint 2010 foundation	880
sharepoint 2010 features	590
ms sharepoint 2010	260
sharepoint 2010 download	1600
sharepoint 2010 templates	590
sharepoint manager 2010	590
sharepoint templates 2010	210
sharepoint 2010 for dummies	210
sharepoint 2010 development	210
sharepoint 2010 online	70
sharepoint 2010 demo	50
sharepoint services 2010	90
sharepoint 2010 hosting	90
hosted sharepoint 2010	30
sharepoint online 2010	30
sharepoint designer 2010	12100
sharepoint designer	27100
sharepoint designer 2007	5400
sharepoint design	720
sharepoint designer 2010 download	880
office sharepoint designer	260
open source content management system	590
open source content management	590
content management system open source	320
open source content management systems	170
content management open source	70
open source content management software	40
open content management	70
open source web content management	50
open content management system	30
drupal cms	2900
drupal	246000
cms drupal	1900
drupal content management	320
drupal content management system	210
cms software	5400
wordpress cms	6600
kentico cms	1900
sharepoint cms	720
umbraco cms	2400
open source cms	5400
website cms	1600
cms systems	2400
cms web	1300
cms open source	2400
joomla cms	2400
cms web design	720
cms website	9900
best cms	5400
cms website design	390
cms	450000
cms solutions	720
cms tools	1000
cms websites	480
cms system	4400
system cms	880
cms design	590
simple cms	3600
hosted cms	390
cms server	480
web cms	2900
cms site	590
web based cms	170
open cms	1600
software cms	590
cms tool	390
easy cms	880
video cms	1000
cms sharepoint	210
custom cms	480
online cms	480
best cms software	260
wysiwyg cms	260
cms for designers	260
html cms	480
cms asp	390
site core cms	90
cms hosting	320
cms solution	210
coldfusion cms	210
cms experience	140
website cms software	70
easy to use cms	140
best cms for designers	110
cms for websites	110
top cms systems	70
what is a cms system	70
content cms	50
what is cms system	70
web cms software	30
cms software reviews	30
cms cms cms	40
cms software company	30
web cms systems	30
cms content management systems	30
content management tools	480
content management tool	140
content management system tools	210
website content management tools	70
web content tools	20
sharepoint server	5400
sharepoint server 2010	1300
sharepoint server 2007	390
sharepoint portal server	320
office sharepoint server	170
content management software	1300
website content management software	70
content management system software	320
content software	170
content manager software	90
content management software reviews	30
enterprise content management software	170
content management softwares	20
web content software	30
best content management software	40
software content management	20
what is content management software	30
content management software comparison	30
content management system softwares	10
content management system comparison	390
content management systems comparison	260
web content management system comparison	50
web content management systems comparison	20
comparison of content management systems	30
content management system examples	590
examples of content management systems	170
content management system example	50
examples of content management system	40
example of content management system	50
content management systems examples	70
enterprise content management	6600
enterprise content management systems	320
enterprise content management system	720
enterprise content management solutions	140
enterprise content management solution	70
enterprise content management platform	30
sitecore intranet portal	30
content management portal	260
sharepoint portal	880
portal content management system	20
portal content management	30
sitecore portal	40
crm software	49500
crm	673000
siebel crm	6600
sharepoint crm	720
crm sharepoint	320
best content management systems	140
best content management system	1000
best cms system	260
best cms systems	260
best enterprise content management system	40
the best content management system	40
what is the best content management system	30
content management system best	20
customer experience strategy	1000
customer experience	14800
customer experience magazine	170
customer experience jobs	390
customer experience software	260
online customer experience	170
head of customer experience	260
customer experience training	170
customer experience company	170
customer experience platform	90
the customer experience	170
customer experience model	140
customers experience	170
customer experience solutions	110
customer experience marketing	170
customer experiences	140
customer experience blog	90
customer experience program	70
customer experience analysis	70
customer experience optimization	50
customer experience strategies	50
customer experience news	70
customer experience trends	70
customer experience matters	50
branded customer experience	70
web customer experience	30
superior customer experience	50
customer experience companies	40
integrated customer experience	50
customer experience online	30
customer experience training courses	30
website customer experience	20
customer experience suite	30
customer experience is	30
customer experience systems	10
customer experience with	20
customers experiences	20
customer brand experience	20
customer experience architect	20
associate customer experience system	20
customer experience brand	20
your customer experience	10
it customer experience	10
sharepoint hosting	1300
hosted content management system	40
hosted sharepoint	720
sitecore hosting	70
hosted content management	10
content management hosting	10
sitecore content management system	90
sitecore content management	30
sitecore web content management	20
sitecore content	20
sitecore content search	20
content management system sitecore	10
sitecore modules	90
sitecore blog module	70
sitecore module	20
sitecore ecommerce module	20
sitecore calendar module	10
sharepoint templates	1900
sitecore templates	50
sharepoint template	590
sitecore template	50
content management templates	10
content management system templates	40
free content management system	590
free content management systems	70
content management system free	170
best free content management system	50
free content management	40
free web content management system	40
content management software free	30
free content management software	40
content management free	20
free web content management	20
marketing automation	12100
content marketing automation	140
sitecore marketing automation	50
marketing automation programs	20
automation marketing software	20
content management companies	90
web content management companies	30
content management company	50
enterprise content management companies	50
content management system company	20
web content company	10
web content specialist	390
web content services	170
web content system	90
free web content	110
web content editing	40
web content publishing	20
custom content management system	50
custom content management	10
cms customer management system	70
customer content management	20
customer experience management platform	20
customer experience management vendors	20
sitecore marketing	30
marketing content management	50
sitecore webforms for marketers	90
content management marketing	40
marketing content management system	40
sitecore digital marketing	20
marketing a software product	20
your marketing company	20
marketing software platform	10
web management system	90
web management software	40
web management tools	70
web management tool	20
web page management software	20
web management systems	20
web management solutions	10
news content management system	50
content management news	30
content management system news	30
news management software	20
news content management	10
sitecore training	880
sitecore sdn	590
sitecore tutorial	590
sitecor	210
sitecore review	140
what is sitecore	590
sitecore support	260
sitecore partners	170
sitecore logo	390
sitecore pricing	210
sitecore blog	140
sdn sitecore	260
sitecore foundry	50
sitecore australia	140
sitecore download	210
sitecore uk	110
sitecore search	140
sitecore ecommerce	210
sitecore login	170
learn sitecore	90
sitecore rocks	390
sitecore certification	260
sitecore demo	90
download sitecore	110
sitecore price	50
sitecore jobs	170
sitecore mvc	480
sitecore reviews	50
sitecore partner	140
sitecore wiki	320
sitecore api	140
sitecore azure	210
sitecore book	30
sitecore oms	30
sitecore license cost	40
sitecore intranet	70
sitecore analytics	210
sitecore usa	50
how much does sitecore cost	30
sitecore cost	70
sitecore interview questions	260
sitecore documentation	90
sitecore license	70
sitecore architecture	140
sitecore experience platform	90
tds sitecore	210
sitecore mvp	170
sitecore books	50
sitecore website	30
sitecore seo	50
sitecore help	30
sitecore competitors	70
sitecore platform	40
sitecore best practices	70
sitecore sharepoint	50
sitecore sucks	50
sitecore tutorials	50
sitecore integration	30
sitecore blogs	50
sitecore usa inc	40
sitecore training videos	50
sitecore consulting	20
sitecore licensing	40
sitecore manual	50
sitecore partner network	50
sitecore installation	50
sitecore certified	30
sitecore software	30
sitecore customers	40
sitecore certification exam	70
coveo sitecore	70
sitecore database	50
sitecore workflow	140
sitecore free	30
hedgehog sitecore	70
sitecore user group	50
sitecore pdf	50
sitecore price list	20
sitecore wikipedia	70
sitecore news	50
sitecore email campaign manager	110
sitecore open source	40
sitecore experience	30
about sitecore	20
sitecore sharepoint connector	40
sitecore sites	30
sitecore youtube	20
sitecore implementation	20
sitecore video	30
sitecore features	50
sitecore e-commerce	30
sitecore media library	40
coveo for sitecore	40
sitecore examples	20
sitecore forms	40
sitecore community	30
sitecore denmark	50
sitecore installation guide	30
sitecore shared source	10
sitecore pipelines	50
sitecore resume	20
youtube sitecore	30
sitecore requirements	30
sitecore system requirements	30
sitecore exam questions	20
sitecore exam	20
sitecore lucene	50
sitecore freelance	20
sitecore cookbook	20
sitecore india	20
sitecore rss	30
sitecore coveo	20
sitecore address	10
sitecore mobile	30
sitecore problems	10
sitecore 301 redirect	30
content management systems	4400
content management systeme	720
wordpress content management system	590
online content management system	210
top content management systems	260
content management system	40500
simple content management system	140
content management system reviews	170
content management system definition	480
contents management system	210
content management system tutorial	210
php content management system	320
content manager system	210
video content management system	260
list of content management systems	320
what are content management systems	110
joomla content management system	140
uk content management system	110
mobile content management system	90
learning content management system	880
content management system design	50
what is content management system	1300
content management system features	70
popular content management systems	110
what is a content management system	880
content managment system	480
content system	210
content management system in php	140
most popular content management systems	90
what is content management systems	50
content management system php	110
content management system architecture	70
newspaper content management system	30
dynamic content management system	40
sharepoint content management system	110
content management system .net	30
easy content management system	170
content management system requirements	50
content management systems reviews	20
school content management system	50
html content management system	50
asp content management system	30
compare content management systems	40
content managment systems	110
content system management	70
learning content management systems	70
content management system list	50
xml content management system	30
coldfusion content management system	20
component content management system	140
content mangement system	70
commercial content management system	20
database content management system	20
pligg content management system	70
content management system review	30
cloud content management system	50
ektron content management system	30
wysiwyg content management system	20
digital content management system	90
real estate content management system	30
content management system development	50
how to build a content management system	50
youtube content management system	70
multimedia content management system	50
online content management systems	50
content management system download	70
top content management system	40
content management system benefits	40
bespoke content management system	20
content management system training	50
what content management system	40
which content management system	20
content management system cost	20
media content management system	50
content management system logo	40
vignette content management system	30
build a content management system	30
freeware content management system	10
a content management system	30
most popular content management system	30
business content management system	20
ruby content management system	30
wikipedia content management system	30
teamsite content management system	30
download content management system	30
ecommerce content management system	30
content management system youtube	30
product content management system	20
learn content management system	20
why content management system	20
content management system demo	20
about content management system	20
popular content management system	20
easiest content management system	20
content management system vendors	20
content managed system	10
multilingual content management system	20
what content management system is a site using	20
global content management system	10
content management systeem	480
content management	9900
content management solutions	320
content management systemen	390
online content management	260
content management services	210
content management server	140
php content management	70
mobile content management	480
content management solution	210
video content management	260
electronic content management	210
content managment	260
content management sites	30
content management platform	260
digital content management	320
content management application	90
source content management	70
wordpress content management	170
cloud content management	110
content management database	50
content management applications	30
product content management	210
data content management	40
ecommerce content management	50
joomla content management	110
internet content management	50
content management service	90
xml content management	30
best content management	50
social content management	90
saas content management	20
content manage	70
content management site	40
dynamic content management	40
content management products	20
component content management	40
content management vendors	20
content management experience	10
content management technology	20
content management project	10
e commerce content management	20
business content management	30
youtube content management	30
content management consulting	20
easy content management	20
content management trends	20
global content management	20
site content management	10
search content management	20
content management program	10
wikipedia content management	10
multi channel content management	20
what is digital content management	10
sharepoint	368000
sharepoint tutorial	12100
ms sharepoint	5400
sharepoint training	5400
sharepoint developer	2900
what is sharepoint	18100
sharepoint intranet	1300
sharepoint development	1900
sharepoint workspace	4400
sharepoint foundation	5400
sharepoint 2007	2900
sharepoint website	880
sharepoint workflow	4400
sharepoint site	1900
sharepoint lms	720
sharepoint certification	2400
sharepoint help	880
sharepoint web parts	1300
office sharepoint	880
sharepoint blog	1300
sharepoint for dummies	1600
sharepoint services	1600
sharepoint online	14800
sharepoint software	720
sharepoint demo	880
free sharepoint	1000
intranet sharepoint	480
sharepoint webparts	590
sharepoint sites	880
sharepoint wiki	4400
sharepoint tools	390
sharepoint video	320
sharepoint features	880
sharepoint download	1900
sharepoint webpart	480
sharepoint manual	390
workflow sharepoint	720
sharepoint free	1000
sharepoint project management	1300
sharepoint dashboard	1000
sharepoint branding	390
sharepoint cloud	880
download sharepoint	880
sharepoint guide	260
sharepoints	720
sharepoint solutions	590
moss sharepoint	590
sharepoint examples	590
sharepoint 2003	590
sharepoint support	480
sharepoint services 3.0	590
sharepoint partner	140
sharepoint integration	390
sharepoint 3.0	480
sharepoint trial	480
sharepoint service	260
sharepoint moss	260
web parts sharepoint	210
sharepoint solution	210
sharepoint demo site	170
sharepoint 2011	70
sharepoint for internet sites	50
contact management system	1000
client management system	590
management system software	140
easy management system	40
experience management system	20
sitecore	33100
site core	1600
share point	22200
teamsite	4400
typo3	49500
ecm software	720
sharepont	720
sharepint	720
sharepoin	880
opencms	4400
infopath	22200
infopath 2010	2900
customer engagement	4400
sharepoint2010	590
consumer experience	590
sharepiont	320
client experience	480
customer relationship	3600
webcms	1000
project software	2400
share point 2010	320
sherepoint	320
sitecorp	210
moss 2007	880
client database software	880
contentmanagement	320
share point server	480
enterprise document management	390
how to build software	210
software company that	110
central management software	110
customer experince	70
digital experience management	110
the client experience	20
multi channel content	20
web software company	20
multi channel customer	20
service experience management	20
how to manage a software company	10
software company management	20
brand experience company	20
web content management systems	480
web based content management system	170
web content management	3600
best web content management system	90
web content manager	1000
web based content management systems	50
best web content management systems	50
web content management software	110
web content management system software	20
web content management tools	110
what is a web content management system	50
what is web content management system	30
content management system web	30
top web content management systems	20
what is web content management	210
web content management solutions	40
web content management tool	20
web based content management	40
web site content management	40
web design content management system	30
web content management solution	10
web content management system pdf	50
sharepoint web content management	50
web content management companies	30
web page content management	20
best web content management	10
web content management services	30
web content management platform	20
content management system web design	30
alfresco web content management	50
lotus web content management	30
content management web	20
web content managment	40
web content management training	30
web design content management	20
managing web content	20
content management web design	20
list of web content management systems	10
workplace web content management	10
web content management definition	30
website content management systems	210
website content management system	320
content management system website	320
content management system for website	50
website with content management system	40
content management system websites	30
content management system for websites	40
website management system	110
content management systems for websites	30
best website content management system	40
what is content management system website	30
content management system website templates	20
website system	90
website design content management system	10
website management systems	50
what is a content management system website	20
content management system for website development	20
usage of content management systems for websites	10
best content management system for websites	20
website systems	40
website cms systems	30
content management system website design	20
web content management system comparison	50
content management system comparison	390
content management systems comparison	260
web content management systems comparison	20
enterprise content management system comparison	50
comparison of content management systems	30
website content management system comparison	30
open source content management system	590
content management system open source	320
open source content management systems	170
open source content management	590
open source web content management system	20
document management system open source	1300
open source document management system	720
open source document management	1600
open content management system	30
best open source content management system	50
open content management	70
open source web content management	50
free and open source content management system	50
a free and open source content management system	50
enterprise content management open source	90
content management open source	70
best content management system open source	30
open source content management system reviews	30
open source management system	50
free open source content management system	30
open source management software	140
open source enterprise content management	50
open source content management software	40
content management systems open source	10
open source enterprise content management system	20
web content management open source	20
open management system	30
it management software open source	90
what is open source content management system	10
content management system free open source	20
open source content management platform	20
open source system management	40
open source software management	50
it management system open source	20
cms content management system	1000
content management system cms	480
content management systems cms	170
cms management	480
cms content management	90
cms management system	70
cms content management systems	30
content management cms	30
what is cms content management system	20
free content management system	590
free web content management system	40
content management system free	170
free content management systems	70
free document management software	1000
best free content management system	50
content management system software free download	30
free web content management	20
free management software	170
free website content management system	10
free content management	40
free content management software	40
content management systems free	10
management software free	110
content management system free download	20
content management software free	30
free online content management system	10
free website content management	30
free it management software	70
content management free	20
electronic document management system software free download	20
enterprise content management system	720
enterprise content management systems	320
enterprise content management	6600
enterprise content management solutions	140
what is enterprise content management	210
enterprise content management solution	70
top enterprise content management systems	30
enterprise content management companies	50
enterprise content management platform	30
php content management system	320
content management system php	110
php cms	4400
cms php	2400
content management system in php	140
php content management	70
document management system	12100
document management systems	1600
electronic document management system	1000
document management system software	320
web based document management system	170
enterprise document management system	210
documentation management system	140
document content management system	20
management system documentation	30
content management system software	320
content management software	1300
enterprise content management software	170
website content management software	70
content manager software	90
content software	170
best content management software	40
content management system softwares	10
content management softwares	20
software content management	20
what is content management software	30
web content software	30
content management software comparison	30
content management system examples	590
examples of content management systems	170
content management system example	50
examples of content management system	40
example of content management system	50
web content management system examples	50
content management system website examples	20
content management systems examples	70
example of content management system website	10
joomla	450000
joomla template	27100
joomla templates	74000
cms joomla	3600
joomla cms	2400
joomla content management system	140
joomla website	1600
content management system joomla	90
joomla websites	880
joomla design	480
joomla content management	110
website joomla	260
joomla web	210
web joomla	260
joomla online	260
sites joomla	140
joomla joomla joomla	90
content management joomla	30
free joomla website	70
joomla system	40
website content management	1000
content management website	320
website management	1900
website content manager	170
website management software	210
how to manage a website	320
website management services	390
management website	260
content management websites	50
management websites	140
content managed website	50
manage website	140
website management tools	110
managing a website	140
content managed websites	20
content manager website	30
managing website	70
content management for websites	30
what is website content management	20
website management service	50
manage my website	70
best website content management	20
website management companies	50
managing websites	50
best content management system	1000
best content management systems	140
the best content management system	40
best enterprise content management system	40
what is the best content management system	30
content management system best	20
best management system	20
drupal	246000
drupal content management system	210
drupal cms	2900
cms drupal	1900
drupal content management	320
drupal demo	2400
drupal templates	3600
content management system drupal	90
drupal open source	170
drupal web	110
drupal system	70
drupal web content management	10
content management drupal	30
open source drupal	50
drupal cms features	40
cms website	9900
website cms	1600
cms websites	480
cms website design	390
cms website builder	320
what is cms website	390
cms for website	170
cms for websites	110
cms for news website	40
cms official website	50
cms in website	30
open source cms	5400
cms open source	2400
open cms	1600
best open source cms	720
cms content management system open source	40
php cms open source	170
open source cms software	140
cms open	90
open source web cms	30
open source cms systems	40
what is open source cms	40
content management system reviews	170
web content management system reviews	10
content management systems reviews	20
content management system review	30
website content management system reviews	10
review management system	50
content management software reviews	30
review management software	50
online content management system	210
online content management	260
online content management systems	50
content management system online	10
online management software	70
best online management	50
content management tools	480
content management system tools	210
content management tool	140
website content management tools	70
enterprise content management tools	70
content management tools list	40
content management tools for websites	20
web content tools	20
network management system	2400
network management software	2400
network management	5400
network management systems	260
network management tools	1000
web cms	2900
cms web	1300
cms web design	720
web based cms	170
web design cms	110
web cms comparison	90
cms web page	50
cms web site	70
what is web cms	40
web cms systems	30
cms system	4400
cms systems	2400
system cms	880
what is a cms system	70
top cms systems	70
what is cms system	70
simple cms system	50
most popular cms systems	70
free cms	3600
cms free	1000
best free cms	720
free cms software	320
free cms templates	320
free cms system	140
cms content management system free	40
free cms systems	90
free open source cms	140
free web cms	70
free website cms	70
cms software free	50
cms system free	40
database management system	27100
what is database	14800
cms database	590
content management database	50
database content management system	20
web content	2400
web content system	90
web content development	260
web content services	170
web page content	170
free web content	110
web site content	110
dynamic web content	110
web content design	50
web content creator	40
web content editing	40
web content syndication	40
cms portal	3600
content management portal	260
portal cms	480
portal content management system	20
portal content management	30
best cms	5400
best cms system	260
best cms systems	260
best cms software	260
the best cms	260
best web cms	170
best cms for designers	110
cms best	210
best website cms	110
best cms website	70
document management software	9900
document management	8100
documentation management	390
document content management	50
document and content management	30
hosted content management system	40
hosted cms	390
cms hosting	320
hosting cms	170
hosted content management	10
content management hosting	10
web experience management	1000
web file manager	1300
web management system	90
web based management systems	110
web site management	90
web server management	110
web based document management	110
web based management software	70
web management tools	70
web page management	70
web based management system	50
web management software	40
web management systems	20
web product management	30
web management tool	20
cms templates	880
cms template	720
cms website templates	480
template cms	390
templates cms	90
cms software	5400
software cms	590
cms website software	110
website cms software	70
web cms software	30
cms software reviews	30
cms download	1600
download cms	1300
cms software download	480
download cms software	90
free cms download	50
download free cms	50
open source crm	8100
open source website	720
collaboration open source	170
open source website software	70
open source web software	70
open source software website	50
asp cms	590
cms asp	390
cms for asp.net	140
cms in asp.net	140
open source cms asp.net	70
kentico cms for asp.net	70
website content	1900
content for website	590
content websites	140
contents for website	50
content for websites	70
software management system	210
management information system software	210
management system software	140
system management software	320
systems management software	140
management software systems	40
information management system software	40
software management systems	30
management systems software	30
management software system	30
open system software	70
kentico cms	1900
kentico content management system	30
cms kentico	110
what is kentico	70
kentico cms review	90
kentico cms system	40
asp.net content management system	90
content management system in asp.net	70
asp content management system	30
content management system asp.net	40
asp.net content management systems	10
what is content management system in asp.net	20
free asp net content management system	10
asp.net content management system open source	10
ecommerce cms	1300
ecommerce content management system	30
ecommerce content management	50
online ecommerce website	170
content management system ecommerce	20
management software	2400
software management tools	390
best management software	90
managing software	70
ecommerce management software	70
software management software	70
web collaboration	480
collaboration management	170
collaboration website	170
collaboration online	170
collaboration system	170
collaboration systems	210
web collaboration tools	140
content collaboration	110
collaboration websites	90
web collaboration software	70
collaboration management system	20
marketing management system	140
marketing content management system	40
online marketing system	110
content marketing system	90
e marketing system	70
marketing management systems	20
enterprise content management vendors	210
web content management vendors	30
content management system vendors	20
enterprise content management software vendors	20
content management vendors	20
online marketing software	320
content marketing management	70
marketing content management	50
content management marketing	40
online marketing solution	110
marketing cms	70
content management systems	4400
content management system	40500
what is content management system	1300
content management systeme	720
learning content management system	880
easy content management system	170
top content management systems	260
content managment system	480
what is a content management system	880
video content management system	260
simple content management system	140
content management system definition	480
content manager system	210
contents management system	210
content management system tutorial	210
list of content management systems	320
popular content management systems	110
mobile content management system	90
uk content management system	110
most popular content management systems	90
content management system features	70
news content management system	50
content managing system	50
what are content management systems	110
content managment systems	110
content management system design	50
content management system development	50
dynamic content management system	40
custom content management system	50
school content management system	50
component content management system	140
sharepoint content management system	110
compare content management systems	40
html content management system	50
content management system requirements	50
content management system .net	30
content management system demo	20
content management system architecture	70
learning content management systems	70
what is content management systems	50
newspaper content management system	30
content system	210
content managements systems	20
a content management system	30
content management system download	70
xml content management system	30
top content management system	40
what content management system	40
how to build a content management system	50
cloud content management system	50
download content management system	30
content management system companies	40
content management system list	50
leading content management systems	30
content system management	70
features of content management system	40
types of content management systems	110
commercial content management system	20
digital content management system	90
coldfusion content management system	20
pligg content management system	70
which content management system	20
content management system news	30
vignette content management system	30
about content management system	20
build a content management system	30
content management system benefits	40
most popular content management system	30
advantages of content management system	50
freeware content management system	10
content management system templates	40
wysiwyg content management system	20
ruby content management system	30
business content management system	20
content management system cost	20
bespoke content management system	20
real estate content management system	30
teamsite content management system	30
content mangement system	70
why content management system	20
content management system html	20
easy to use content management system	20
multilingual content management system	20
integrated content management system	20
intranet content management system	40
popular content management system	20
most used content management systems	20
content management system applications	20
easiest content management system	20
content managed system	10
use of content management system	10
content management system pricing	10
magazine content management system	10
different content management systems	20
content management	9900
content manager	9900
what is content management	590
content management systeem	480
content management solutions	320
content management systemen	390
mobile content management	480
content management solution	210
video content management	260
digital content management	320
content management platform	260
product content management	210
content management services	210
electronic content management	210
content managment	260
content management server	140
content management service	90
cloud content management	110
source content management	70
content management companies	90
asp.net content management	90
social content management	90
content management application	90
best content management	50
learning content management	50
content management site	40
content management company	50
content managers	70
internet content management	50
content management process	70
e content management	50
component content management	40
data content management	40
media content management	50
content management sites	30
dynamic content management	40
content management applications	30
content management training	50
xml content management	30
content managing	30
secure content management	30
catalog content management	30
content management testing	40
business content management	30
saas content management	20
content management news	30
simple content management	30
engineering content management	30
easy content management	20
asp content management	20
integrated content management	20
content management products	20
content management features	20
content management consulting	20
site content management	10
interwoven content management	30
learning management system	18100
contact management system	1000
library management system	6600
school management system	6600
knowledge management system	6600
student management system	2400
project management system	2400
hotel management system	3600
file management system	1300
college management system	1600
order management system	2900
asset management system	1900
visitor management system	1900
client management system	590
business management system	880
customer management system	880
information management systems	720
contact management systems	170
work management system	260
information system management	1300
news management system	110
system management tools	140
it systems management	140
internet management system	50
easy management system	40
tools management system	50
source management system	40
it management systems	40
features of management system	20
management in information system	30
grade management system	30
manage information systems	30
cms	450000
what is cms	8100
simple cms	3600
orchard cms	4400
cms online	8100
umbraco cms	2400
opensource cms	1300
cms comparison	1000
cms tools	1000
top cms	1000
cms intranet	9900
easy cms	880
video cms	1000
mobile cms	1000
intranet cms	1600
moto cms	2900
ruby on rails cms	880
ruby cms	1300
modx cms	1600
typo3 cms	1300
lightweight cms	1000
cms solutions	720
mambo cms	1300
cms platform	720
online cms	480
cms site	590
sharepoint cms	720
custom cms	480
plone cms	880
html5 cms	590
cms design	590
cms development	590
cms tool	390
cms server	480
blog cms	880
html cms	480
alfresco cms	590
rails cms	1600
cms homepage	1000
cms tutorial	590
cms demo	390
cms typo3	590
cms program	390
cms shop	480
social network cms	390
seo cms	320
cms solution	210
shop cms	390
cms html	390
white label cms	390
cms list	590
cms for designers	260
cms news	720
wysiwyg cms	260
cms gratis	320
cms freeware	210
cms script	260
clan cms	590
desktop cms	260
drag and drop cms	480
c# cms	260
cms editor	260
cms review	260
cms reviews	260
coldfusion cms	210
cms video	480
cms builder	260
new cms	390
cms features	210
cms content	170
cms sites	210
site cms	260
real estate cms	320
news cms	260
community cms	210
cms compare	320
easy to use cms	140
cms programs	210
e107 cms	170
cms test	320
cms webdesign	110
commercial cms	110
ajax cms	140
xml cms	170
cms experience	140
webdesign cms	110
cms ranking	210
saurus cms	140
cms online homepage	70
freeware cms	70
cms wysiwyg	140
cms easy	110
script cms	90
content cms	50
build cms	90
cms community	70
cms for	50
a cms	70
demo cms	90
cms cms cms	40
cms scripts	70
cms creator	70
cms source	50
web content management system	1300
typo3	49500
crm system	22200
crm	673000
wcms	4400
opencms	4400
ez publish	4400
what is software	22200
what is linux	18100
typo 3	6600
ecm software	720
website maintenance	3600
website builder	110000
what is the cloud	14800
jomla	8100
what is data	22200
what is erp	18100
what is xml	12100
what is sharepoint	18100
typo3 templates	3600
sites web	590
webcms	1000
web maintenance	880
website companies	880
contentmanagement	320
software websites	390
booking systems	390
website solution	260
web site maintenance	110
website maintenance company	140
wcms home page	70
wcms website	50
web websites	70
system administration tools	70
